{
  "accuracy": 0.885,
  "precision": 0.9148936170212766,
  "recall": 0.8514851485148515,
  "f1": 0.882051282051282,
  "roc_auc": 0.9538953895389538
}