{
  "accuracy": 0.855,
  "precision": 0.8529411764705882,
  "recall": 0.8613861386138614,
  "f1": 0.8571428571428571,
  "roc_auc": 0.9103910391039105
}