{
  "accuracy": 0.8,
  "precision": 0.7961165048543689,
  "recall": 0.8118811881188119,
  "f1": 0.803921568627451,
  "roc_auc": 0.8631363136313632
}